non_null_cells,null_cells,min,max,range,mean,mean_of_abs,stddev,variance,coeff_var,sum,sum_abs
48023,41385,0,51.3638879119699,51.3638879119699,0.922362020375159,0.922362020375159,2.3148350418453,5.35846127095494,250.968165504448,44294.5913044763,44294.5913044763
