non_null_cells,null_cells,min,max,range,mean,mean_of_abs,stddev,variance,coeff_var,sum,sum_abs
48023,41385,0,46.9234315617967,46.9234315617967,0.714998035453263,0.714998035453263,1.79155998510744,3.20968718023816,250.568518551481,34336.350656572,34336.350656572
