non_null_cells,null_cells,min,max,range,mean,mean_of_abs,stddev,variance,coeff_var,sum,sum_abs
48023,41385,0,46.9234315617967,46.9234315617967,0.808705853640481,0.808705853640481,1.93689627494432,3.75156717989318,239.505657863754,38836.4812093768,38836.4812093768
