non_null_cells,null_cells,min,max,range,mean,mean_of_abs,stddev,variance,coeff_var,sum,sum_abs
48023,41385,0,46.9234315617967,46.9234315617967,0.702765842608939,0.702765842608939,1.7815036942303,3.17375541255621,253.498901941032,33748.9240596091,33748.9240596091
